{
    "projectName": "MyProject",
    "projectPath": "C:\\Users\\jeff\\Desktop\\MyProject",
    "defaultEditor": "sublime",
    "frontendHandler": {
        "android": "C:\\Users\\jeff\\AppData\\Roaming\\npm\\node_modules\\@aws-amplify\\cli\\node_modules\\amplify-frontend-android"
    },
    "amplify-frontend-android": {
        "config": {
            "ResDir": "app/src/main/res"
        }
    },
    "providers": {
        "awscloudformation": "C:\\Users\\jeff\\AppData\\Roaming\\npm\\node_modules\\@aws-amplify\\cli\\node_modules\\amplify-provider-awscloudformation"
    }
}